{
  "clip_thresholds": {
    "asset_age_years": 13.424999999999999,
    "total_hours_lifetime": 8395.815,
    "rental_days_30d": 1.5,
    "rental_days_90d": 3.0,
    "avg_rental_duration": 7.5,
    "maintenance_events_90d": 45.0,
    "maintenance_cost_180d": 82097.67,
    "days_since_last_maintenance": 1028.7149999999992,
    "mean_time_between_failures": 1008.0,
    "vendor_reliability_score": 1.275,
    "jobsite_risk_score": 0.8999999999999999,
    "usage_intensity": 18.0,
    "usage_trend": 3.1643999999999872,
    "utilization_vs_expected": 15.0,
    "wear_rate": 2.34765,
    "aging_factor": 0.735,
    "cost_per_event": 1587.3000000000002,
    "maint_burden": 34.955399999999784,
    "mechanical_wear_score": 5.655,
    "abuse_score": 10.185,
    "neglect_score": 5.25,
    "maint_frequency_trend": 1.5,
    "cost_trend": 1.5,
    "hours_velocity": 1.5,
    "neglect_acceleration": 1.5,
    "category_encoded": 13.5,
    "log_total_hours_lifetime": 12.945303274154146,
    "log_maintenance_cost_180d": 16.365327116488263,
    "log_cost_per_event": 10.447903777774115,
    "log_maint_burden": 4.785873369524119,
    "log_mean_time_between_failures": 9.767617994467091
  },
  "version": "v1.6"
}