{
  "clip_thresholds": {
    "asset_age_years": 7.41,
    "total_hours_lifetime": 8395.815,
    "hours_used_30d": 484.5,
    "hours_used_90d": 484.5,
    "rental_days_30d": 7.5,
    "rental_days_90d": 7.5,
    "avg_rental_duration": 7.5,
    "maintenance_events_90d": 64.5,
    "maintenance_cost_180d": 83835.435,
    "days_since_last_maintenance": 90.0,
    "mean_time_between_failures": 270.0,
    "vendor_reliability_score": 1.275,
    "jobsite_risk_score": 0.8999999999999999,
    "usage_intensity": 18.0,
    "usage_trend": 3.1643999999999872,
    "utilization_vs_expected": 15.0,
    "wear_rate": 2.34765,
    "aging_factor": 0.735,
    "cost_per_event": 1587.3000000000002,
    "maint_burden": 34.955399999999784,
    "mechanical_wear_score": 5.655,
    "abuse_score": 10.185,
    "neglect_score": 5.25,
    "category_encoded": 3.0,
    "log_total_hours_lifetime": 12.945303274154146,
    "log_hours_used_30d": 8.671115273688493,
    "log_hours_used_90d": 8.671115273688493,
    "log_maintenance_cost_180d": 16.396745749574173,
    "log_cost_per_event": 10.447903777774115,
    "log_maint_burden": 4.785873369524119,
    "log_mean_time_between_failures": 7.797745546898739
  },
  "version": "v1.1",
  "note": "Applied as upper clip bound (p99 * 1.5) during feature engineering"
}