{
  "asset_age_years": 0.20352583735189533,
  "log_total_hours_lifetime": 0.15237998962128502,
  "log_maintenance_cost_180d": 0.14339854585444323,
  "wear_rate_velocity": 0.14011570735332496,
  "log_mean_time_between_failures": 0.13638004059536396,
  "maint_frequency_trend": 0.09460808596964944,
  "vendor_reliability_score": 0.07034621035681643,
  "cost_trend": 0.04454764268965336,
  "maintenance_events_90d": 0.009509549798869511,
  "category_encoded": 0.005097437079322824,
  "avg_rental_duration": 3.346311928924465e-05,
  "log_hours_used_90d": 3.201253551589372e-05,
  "rental_days_90d": 1.4192813641189585e-05,
  "hours_velocity": 1.1284860929707967e-05,
  "rental_days_30d": 0.0,
  "days_since_last_maintenance": 0.0,
  "jobsite_risk_score": 0.0,
  "usage_intensity": 0.0,
  "usage_trend": 0.0,
  "utilization_vs_expected": 0.0,
  "wear_rate": 0.0,
  "aging_factor": 0.0,
  "maint_overdue": 0.0,
  "mechanical_wear_score": 0.0,
  "abuse_score": 0.0,
  "neglect_score": 0.0,
  "neglect_acceleration": 0.0,
  "sensor_degradation_rate": 0.0,
  "log_hours_used_30d": 0.0,
  "log_cost_per_event": 0.0,
  "log_maint_burden": 0.0
}