{
  "log_maintenance_cost_180d": 0.3076658680720241,
  "asset_age_years": 0.2664033980817851,
  "maintenance_events_90d": 0.17467165050419137,
  "days_since_last_maintenance": 0.09500415384744833,
  "log_mean_time_between_failures": 0.07741908339789896,
  "category_encoded": 0.053735865647254535,
  "rental_days_90d": 0.012977224678978879,
  "avg_rental_duration": 0.007260816176394412,
  "rental_days_30d": 0.0027561230371402215,
  "log_total_hours_lifetime": 0.0012564300753160795,
  "log_hours_used_90d": 0.0008493864815681017,
  "vendor_reliability_score": 0.0,
  "jobsite_risk_score": 0.0,
  "usage_intensity": 0.0,
  "usage_trend": 0.0,
  "utilization_vs_expected": 0.0,
  "wear_rate": 0.0,
  "aging_factor": 0.0,
  "maint_overdue": 0.0,
  "mechanical_wear_score": 0.0,
  "abuse_score": 0.0,
  "neglect_score": 0.0,
  "wear_rate_velocity": 0.0,
  "maint_frequency_trend": 0.0,
  "cost_trend": 0.0,
  "hours_velocity": 0.0,
  "neglect_acceleration": 0.0,
  "sensor_degradation_rate": 0.0,
  "log_hours_used_30d": 0.0,
  "log_cost_per_event": 0.0,
  "log_maint_burden": 0.0
}