{
  "asset_age_years": 0.129044059235935,
  "vendor_reliability_score": 0.11383193768280049,
  "jobsite_risk_score": 0.10244707902000229,
  "mechanical_wear_score": 0.08724423172151441,
  "aging_factor": 0.07950250210010557,
  "usage_trend": 0.07616683769262751,
  "neglect_score": 0.07548437217629442,
  "maintenance_events_90d": 0.054972385094071104,
  "cost_per_event": 0.04987565641304747,
  "days_since_last_maintenance": 0.03553102239052505,
  "log_maintenance_cost_180d": 0.035433258832038655,
  "maintenance_cost_180d": 0.03088540216779453,
  "log_cost_per_event": 0.027745957808347398,
  "log_mean_time_between_failures": 0.025122377164711315,
  "avg_rental_duration": 0.01671305934134397,
  "mean_time_between_failures": 0.014772475249237643,
  "utilization_vs_expected": 0.012644461743199258,
  "wear_rate": 0.008757492688701428,
  "abuse_score": 0.007993715658137229,
  "total_hours_lifetime": 0.006186462333799868,
  "log_total_hours_lifetime": 0.004344298952210946,
  "category_encoded": 0.00304752839857267,
  "rental_days_30d": 0.0012003052846666533,
  "rental_days_90d": 0.0009083099985413621,
  "hours_used_90d": 7.397471303928577e-05,
  "log_hours_used_90d": 7.083613873440366e-05,
  "hours_used_30d": 0.0,
  "usage_intensity": 0.0,
  "maint_overdue": 0.0,
  "maint_burden": 0.0,
  "log_hours_used_30d": 0.0,
  "log_maint_burden": 0.0
}