{
  "asset_age_years": 0.12854656895783773,
  "vendor_reliability_score": 0.11115808848777432,
  "jobsite_risk_score": 0.09089891593587485,
  "usage_trend": 0.08542657670317906,
  "aging_factor": 0.08489258680632811,
  "mechanical_wear_score": 0.08445872761938304,
  "neglect_score": 0.08349234384212365,
  "log_maintenance_cost_180d": 0.04744050118190877,
  "cost_per_event": 0.04465733146425415,
  "maintenance_events_90d": 0.04106147856187992,
  "maintenance_cost_180d": 0.039814582149354315,
  "days_since_last_maintenance": 0.03922959719912224,
  "log_cost_per_event": 0.03780859298486804,
  "log_mean_time_between_failures": 0.019831337610897497,
  "mean_time_between_failures": 0.012878033390850818,
  "avg_rental_duration": 0.012559607224484683,
  "total_hours_lifetime": 0.009073278817077307,
  "wear_rate": 0.008559844015465496,
  "utilization_vs_expected": 0.007577151815660885,
  "log_total_hours_lifetime": 0.004590207203345288,
  "category_encoded": 0.002233213495789797,
  "abuse_score": 0.0017142699591412328,
  "rental_days_30d": 0.001121355496699322,
  "rental_days_90d": 0.0008313215639884492,
  "hours_used_90d": 0.00012136017946725012,
  "log_hours_used_90d": 2.3127333243706007e-05,
  "usage_intensity": 7.103034680874054e-19,
  "hours_used_30d": 0.0,
  "maint_overdue": 0.0,
  "maint_burden": 0.0,
  "log_hours_used_30d": 0.0,
  "log_maint_burden": 0.0
}