{
  "asset_age_years": 0.2590345813789698,
  "maintenance_cost_180d": 0.18970095714075927,
  "log_maintenance_cost_180d": 0.18633147590253565,
  "maintenance_events_90d": 0.11280522812050009,
  "days_since_last_maintenance": 0.06674000969329785,
  "log_mean_time_between_failures": 0.05129744588875101,
  "mean_time_between_failures": 0.04654705630600361,
  "category_encoded": 0.04602187772332618,
  "rental_days_90d": 0.01514927308641579,
  "rental_days_30d": 0.011508302104567427,
  "avg_rental_duration": 0.010815200655617866,
  "total_hours_lifetime": 0.0016186079630749115,
  "log_total_hours_lifetime": 0.000987632561566266,
  "log_hours_used_90d": 0.0008125152170396175,
  "hours_used_90d": 0.0006298362575747726,
  "hours_used_30d": 0.0,
  "vendor_reliability_score": 0.0,
  "jobsite_risk_score": 0.0,
  "usage_intensity": 0.0,
  "usage_trend": 0.0,
  "utilization_vs_expected": 0.0,
  "wear_rate": 0.0,
  "aging_factor": 0.0,
  "maint_overdue": 0.0,
  "cost_per_event": 0.0,
  "maint_burden": 0.0,
  "mechanical_wear_score": 0.0,
  "abuse_score": 0.0,
  "neglect_score": 0.0,
  "wear_rate_velocity": 0.0,
  "maint_frequency_trend": 0.0,
  "cost_trend": 0.0,
  "hours_velocity": 0.0,
  "neglect_acceleration": 0.0,
  "sensor_degradation_rate": 0.0,
  "log_hours_used_30d": 0.0,
  "log_cost_per_event": 0.0,
  "log_maint_burden": 0.0
}