{
  "asset_age_years": 0.12518892556095915,
  "vendor_reliability_score": 0.10251067205088187,
  "jobsite_risk_score": 0.10026838192168613,
  "aging_factor": 0.09247370788599948,
  "usage_trend": 0.08574297337004715,
  "neglect_score": 0.07596995848841945,
  "mechanical_wear_score": 0.07334180054145138,
  "days_since_last_maintenance": 0.05022843908023325,
  "cost_per_event": 0.047087226017642966,
  "log_cost_per_event": 0.045517678381002895,
  "log_maintenance_cost_180d": 0.04332541636728758,
  "maintenance_events_90d": 0.04239550961759332,
  "maintenance_cost_180d": 0.029226375701765176,
  "log_mean_time_between_failures": 0.022931943951698643,
  "mean_time_between_failures": 0.021798374861612683,
  "wear_rate": 0.012414924859336015,
  "utilization_vs_expected": 0.009633069212247358,
  "avg_rental_duration": 0.008454656720069167,
  "abuse_score": 0.003222624490389874,
  "category_encoded": 0.002253391353006812,
  "log_total_hours_lifetime": 0.0018081669261113976,
  "total_hours_lifetime": 0.0016928532927507297,
  "rental_days_30d": 0.0011909328425062848,
  "rental_days_90d": 0.0011437757224219333,
  "log_hours_used_90d": 0.00010098998864549417,
  "hours_used_90d": 7.72307942336865e-05,
  "hours_used_30d": 0.0,
  "usage_intensity": 0.0,
  "maint_overdue": 0.0,
  "maint_burden": 0.0,
  "wear_rate_velocity": 0.0,
  "maint_frequency_trend": 0.0,
  "cost_trend": 0.0,
  "hours_velocity": 0.0,
  "neglect_acceleration": 0.0,
  "sensor_degradation_rate": 0.0,
  "log_hours_used_30d": 0.0,
  "log_maint_burden": 0.0
}