{
  "asset_age_years": 0.20530628676465737,
  "log_mean_time_between_failures": 0.15799861566368853,
  "wear_rate_velocity": 0.14739720137030393,
  "log_total_hours_lifetime": 0.13954158895384944,
  "log_maintenance_cost_180d": 0.1306693437725392,
  "maint_frequency_trend": 0.09840161885971564,
  "vendor_reliability_score": 0.06714078372763203,
  "cost_trend": 0.04484359879276868,
  "maintenance_events_90d": 0.005221841191780498,
  "category_encoded": 0.0033423462221844123,
  "log_hours_used_90d": 6.0515500178420836e-05,
  "rental_days_90d": 3.736891091493082e-05,
  "hours_velocity": 2.4087206626498882e-05,
  "avg_rental_duration": 1.4803063160450406e-05,
  "rental_days_30d": 0.0,
  "days_since_last_maintenance": 0.0,
  "jobsite_risk_score": 0.0,
  "usage_intensity": 0.0,
  "usage_trend": 0.0,
  "utilization_vs_expected": 0.0,
  "wear_rate": 0.0,
  "aging_factor": 0.0,
  "maint_overdue": 0.0,
  "mechanical_wear_score": 0.0,
  "abuse_score": 0.0,
  "neglect_score": 0.0,
  "neglect_acceleration": 0.0,
  "sensor_degradation_rate": 0.0,
  "log_hours_used_30d": 0.0,
  "log_cost_per_event": 0.0,
  "log_maint_burden": 0.0
}