{
  "asset_age_years": 0.3151560598500565,
  "log_maintenance_cost_180d": 0.2923423424157788,
  "maintenance_events_90d": 0.18235878578297784,
  "days_since_last_maintenance": 0.07979152869260248,
  "log_mean_time_between_failures": 0.06646814012869755,
  "category_encoded": 0.04615992923218255,
  "rental_days_90d": 0.007934322283087812,
  "avg_rental_duration": 0.00606294058786587,
  "rental_days_30d": 0.002260625112720728,
  "log_total_hours_lifetime": 0.0010152256368585971,
  "log_hours_used_90d": 0.0004501002771711328,
  "vendor_reliability_score": 0.0,
  "jobsite_risk_score": 0.0,
  "usage_intensity": 0.0,
  "usage_trend": 0.0,
  "utilization_vs_expected": 0.0,
  "wear_rate": 0.0,
  "aging_factor": 0.0,
  "maint_overdue": 0.0,
  "mechanical_wear_score": 0.0,
  "abuse_score": 0.0,
  "neglect_score": 0.0,
  "wear_rate_velocity": 0.0,
  "maint_frequency_trend": 0.0,
  "cost_trend": 0.0,
  "hours_velocity": 0.0,
  "neglect_acceleration": 0.0,
  "sensor_degradation_rate": 0.0,
  "log_hours_used_30d": 0.0,
  "log_cost_per_event": 0.0,
  "log_maint_burden": 0.0
}