{
  "cost_per_event": 0.16614024906917754,
  "mechanical_wear_score": 0.14272151829804344,
  "log_cost_per_event": 0.13913085048033977,
  "wear_rate": 0.1034822503321596,
  "asset_age_years": 0.075294299485963,
  "aging_factor": 0.0686305880250505,
  "neglect_score": 0.06573071289099933,
  "days_since_last_maintenance": 0.03700616470042613,
  "log_maintenance_cost_180d": 0.031093002085711578,
  "maintenance_cost_180d": 0.02468968629910367,
  "category_encoded": 0.020212302743763014,
  "abuse_score": 0.018557459054782073,
  "utilization_vs_expected": 0.01674623664164876,
  "log_total_hours_lifetime": 0.016669984718024555,
  "total_hours_lifetime": 0.015708620275892163,
  "log_mean_time_between_failures": 0.013434511947882167,
  "avg_rental_duration": 0.010305833402625631,
  "mean_time_between_failures": 0.010167207020316744,
  "maintenance_events_90d": 0.008370011072580815,
  "vendor_reliability_score": 0.006017477840426527,
  "jobsite_risk_score": 0.005314450022982181,
  "usage_trend": 0.004576583592100896,
  "hours_used_30d": 0.0,
  "hours_used_90d": 0.0,
  "rental_days_30d": 0.0,
  "rental_days_90d": 0.0,
  "usage_intensity": 0.0,
  "maint_overdue": 0.0,
  "maint_burden": 0.0,
  "log_hours_used_30d": 0.0,
  "log_hours_used_90d": 0.0,
  "log_maint_burden": 0.0
}