{
  "asset_age_years": 0.2775777592484183,
  "maintenance_cost_180d": 0.19571675382303597,
  "log_maintenance_cost_180d": 0.18866422287869342,
  "maintenance_events_90d": 0.12206029852969744,
  "days_since_last_maintenance": 0.07771546595878351,
  "mean_time_between_failures": 0.04513916698443627,
  "log_mean_time_between_failures": 0.04416437259336479,
  "category_encoded": 0.035155977541347326,
  "rental_days_90d": 0.004637134598059344,
  "rental_days_30d": 0.004066650351898071,
  "avg_rental_duration": 0.003435508175238129,
  "total_hours_lifetime": 0.0005602794409142539,
  "log_hours_used_90d": 0.00040228275011705816,
  "hours_used_90d": 0.0003855152758562316,
  "log_total_hours_lifetime": 0.00031861185013982063,
  "hours_used_30d": 0.0,
  "vendor_reliability_score": 0.0,
  "jobsite_risk_score": 0.0,
  "usage_intensity": 0.0,
  "usage_trend": 0.0,
  "utilization_vs_expected": 0.0,
  "wear_rate": 0.0,
  "aging_factor": 0.0,
  "maint_overdue": 0.0,
  "cost_per_event": 0.0,
  "maint_burden": 0.0,
  "mechanical_wear_score": 0.0,
  "abuse_score": 0.0,
  "neglect_score": 0.0,
  "wear_rate_velocity": 0.0,
  "maint_frequency_trend": 0.0,
  "cost_trend": 0.0,
  "hours_velocity": 0.0,
  "neglect_acceleration": 0.0,
  "sensor_degradation_rate": 0.0,
  "log_hours_used_30d": 0.0,
  "log_cost_per_event": 0.0,
  "log_maint_burden": 0.0
}