{
  "asset_age_years": 0.2698330670497787,
  "log_maintenance_cost_180d": 0.19059315721243722,
  "maintenance_cost_180d": 0.18537633573696707,
  "maintenance_events_90d": 0.1180187474222689,
  "days_since_last_maintenance": 0.07658068022876896,
  "log_mean_time_between_failures": 0.0553470007537902,
  "mean_time_between_failures": 0.04447325339016697,
  "category_encoded": 0.03908113480228924,
  "rental_days_90d": 0.008691512236977698,
  "avg_rental_duration": 0.007379153242872591,
  "rental_days_30d": 0.002928587782220074,
  "log_hours_used_90d": 0.0005469954745566522,
  "total_hours_lifetime": 0.000448172803560515,
  "log_total_hours_lifetime": 0.00042792937287888593,
  "hours_used_90d": 0.000274272490466222,
  "hours_used_30d": 0.0,
  "vendor_reliability_score": 0.0,
  "jobsite_risk_score": 0.0,
  "usage_intensity": 0.0,
  "usage_trend": 0.0,
  "utilization_vs_expected": 0.0,
  "wear_rate": 0.0,
  "aging_factor": 0.0,
  "maint_overdue": 0.0,
  "cost_per_event": 0.0,
  "maint_burden": 0.0,
  "mechanical_wear_score": 0.0,
  "abuse_score": 0.0,
  "neglect_score": 0.0,
  "wear_rate_velocity": 0.0,
  "maint_frequency_trend": 0.0,
  "cost_trend": 0.0,
  "hours_velocity": 0.0,
  "neglect_acceleration": 0.0,
  "sensor_degradation_rate": 0.0,
  "log_hours_used_30d": 0.0,
  "log_cost_per_event": 0.0,
  "log_maint_burden": 0.0
}