{
  "vendor_reliability_score": 0.10616766173825075,
  "asset_age_years": 0.10581818178868643,
  "log_maintenance_cost_180d": 0.08741036537069237,
  "jobsite_risk_score": 0.0848316711264169,
  "mechanical_wear_score": 0.08239689338608701,
  "aging_factor": 0.07129708841651405,
  "maintenance_cost_180d": 0.06836614925961186,
  "usage_trend": 0.06473645312356427,
  "neglect_score": 0.05099200146989262,
  "days_since_last_maintenance": 0.05067905396466471,
  "maintenance_events_90d": 0.050214212796892616,
  "log_cost_per_event": 0.0419450636262444,
  "cost_per_event": 0.03445642133293007,
  "log_mean_time_between_failures": 0.024593378757788505,
  "mean_time_between_failures": 0.021410159603243696,
  "wear_rate": 0.01669258782555504,
  "avg_rental_duration": 0.00995625732791561,
  "utilization_vs_expected": 0.008872316233073291,
  "category_encoded": 0.005916422084896077,
  "total_hours_lifetime": 0.0044645861478153,
  "log_total_hours_lifetime": 0.0035573779436035525,
  "abuse_score": 0.0031931125412751004,
  "rental_days_90d": 0.001113588372793609,
  "rental_days_30d": 0.0006869507532487814,
  "hours_used_90d": 0.0001283147587623227,
  "log_hours_used_90d": 0.00010373024958101232,
  "hours_used_30d": 0.0,
  "usage_intensity": 0.0,
  "maint_overdue": 0.0,
  "maint_burden": 0.0,
  "wear_rate_velocity": 0.0,
  "maint_frequency_trend": 0.0,
  "cost_trend": 0.0,
  "hours_velocity": 0.0,
  "neglect_acceleration": 0.0,
  "sensor_degradation_rate": 0.0,
  "log_hours_used_30d": 0.0,
  "log_maint_burden": 0.0
}