{
  "asset_age_years": 0.13751539603956695,
  "vendor_reliability_score": 0.1297528790981717,
  "mechanical_wear_score": 0.09178916744729435,
  "jobsite_risk_score": 0.08712627961743127,
  "aging_factor": 0.0835994440666969,
  "usage_trend": 0.08269795601596597,
  "neglect_score": 0.0589445764804657,
  "maintenance_events_90d": 0.052142362914622396,
  "cost_per_event": 0.0429458196679363,
  "log_cost_per_event": 0.041722856444187224,
  "log_maintenance_cost_180d": 0.04145491667427449,
  "days_since_last_maintenance": 0.03470040434147051,
  "maintenance_cost_180d": 0.03407573089929803,
  "wear_rate": 0.019523100964636667,
  "log_mean_time_between_failures": 0.014662629085701704,
  "mean_time_between_failures": 0.012685111676393732,
  "utilization_vs_expected": 0.009895491216531908,
  "avg_rental_duration": 0.008203702544392217,
  "log_total_hours_lifetime": 0.0041447448127959925,
  "abuse_score": 0.004138532771885079,
  "total_hours_lifetime": 0.0035429184629707155,
  "category_encoded": 0.0027276426471660817,
  "rental_days_90d": 0.0009069535575641222,
  "rental_days_30d": 0.0008029661282846627,
  "hours_used_90d": 0.00017004144642030462,
  "log_hours_used_90d": 0.0001283749778749845,
  "hours_used_30d": 8.423403024068031e-17,
  "usage_intensity": 0.0,
  "maint_overdue": 0.0,
  "maint_burden": 0.0,
  "wear_rate_velocity": 0.0,
  "maint_frequency_trend": 0.0,
  "cost_trend": 0.0,
  "hours_velocity": 0.0,
  "neglect_acceleration": 0.0,
  "sensor_degradation_rate": 0.0,
  "log_hours_used_30d": 0.0,
  "log_maint_burden": 0.0
}