{
  "mechanical_wear_score": 0.14820575380389361,
  "neglect_score": 0.14291630278689246,
  "aging_factor": 0.08081177962214005,
  "cost_per_event": 0.07859300564192431,
  "log_cost_per_event": 0.07610007429747728,
  "log_maintenance_cost_180d": 0.07406628915192513,
  "maintenance_cost_180d": 0.07320598906121961,
  "days_since_last_maintenance": 0.06342710050622431,
  "wear_rate": 0.057990840709971486,
  "asset_age_years": 0.055588942622444744,
  "maintenance_events_90d": 0.0427487296638833,
  "category_encoded": 0.03661305768065162,
  "abuse_score": 0.026379024944623103,
  "log_total_hours_lifetime": 0.020136466372328698,
  "total_hours_lifetime": 0.01736758489481046,
  "log_mean_time_between_failures": 0.002016772471988107,
  "mean_time_between_failures": 0.001479830418735386,
  "utilization_vs_expected": 0.0012828442720017067,
  "avg_rental_duration": 0.0010696110768647028,
  "hours_used_30d": 0.0,
  "hours_used_90d": 0.0,
  "rental_days_30d": 0.0,
  "rental_days_90d": 0.0,
  "vendor_reliability_score": 0.0,
  "jobsite_risk_score": 0.0,
  "usage_intensity": 0.0,
  "usage_trend": 0.0,
  "maint_overdue": 0.0,
  "maint_burden": 0.0,
  "log_hours_used_30d": 0.0,
  "log_hours_used_90d": 0.0,
  "log_maint_burden": 0.0
}