{
  "asset_age_years": 0.1017612768004202,
  "log_maintenance_cost_180d": 0.08653508673734185,
  "jobsite_risk_score": 0.08651215938634142,
  "vendor_reliability_score": 0.08499925293684957,
  "mechanical_wear_score": 0.08415163567044409,
  "aging_factor": 0.0820550065144362,
  "maintenance_cost_180d": 0.07487352092948235,
  "maintenance_events_90d": 0.06765116569679615,
  "usage_trend": 0.06674470757990603,
  "neglect_score": 0.06359239871297033,
  "days_since_last_maintenance": 0.04514034368367352,
  "cost_per_event": 0.041499630613755195,
  "log_cost_per_event": 0.03863525970907749,
  "mean_time_between_failures": 0.020239345081484186,
  "log_mean_time_between_failures": 0.016242842278136244,
  "avg_rental_duration": 0.014192074611073208,
  "wear_rate": 0.007542010328668674,
  "category_encoded": 0.005156498975452622,
  "log_total_hours_lifetime": 0.003454112270514439,
  "total_hours_lifetime": 0.003136187295319193,
  "abuse_score": 0.003047303459923677,
  "rental_days_30d": 0.0010750058193951919,
  "rental_days_90d": 0.0008103168625661137,
  "utilization_vs_expected": 0.000711055054866431,
  "hours_used_90d": 0.00020087898848305182,
  "log_hours_used_90d": 4.092400262263366e-05,
  "hours_used_30d": 0.0,
  "usage_intensity": 0.0,
  "maint_overdue": 0.0,
  "maint_burden": 0.0,
  "log_hours_used_30d": 0.0,
  "log_maint_burden": 0.0
}