{
  "neglect_score": 0.27149701802659615,
  "days_since_last_maintenance": 0.17334305185409127,
  "wear_rate": 0.1057796009519522,
  "asset_age_years": 0.1004396683324056,
  "aging_factor": 0.08370707378934954,
  "mechanical_wear_score": 0.07239961658404165,
  "utilization_vs_expected": 0.02627425411909037,
  "avg_rental_duration": 0.026010895339168217,
  "log_maintenance_cost_180d": 0.025633025927140205,
  "maintenance_cost_180d": 0.022918097271071903,
  "mean_time_between_failures": 0.021190950573833914,
  "maintenance_events_90d": 0.014735609716255095,
  "log_mean_time_between_failures": 0.013104173305133261,
  "cost_per_event": 0.012709048531583231,
  "log_cost_per_event": 0.012203748278951867,
  "abuse_score": 0.006181015478651327,
  "log_total_hours_lifetime": 0.005642671420461946,
  "category_encoded": 0.002686338914695693,
  "total_hours_lifetime": 0.0024370242541803472,
  "usage_trend": 0.0004790258553375067,
  "vendor_reliability_score": 0.000443853055496667,
  "jobsite_risk_score": 0.00018423842051195133,
  "hours_used_30d": 0.0,
  "hours_used_90d": 0.0,
  "rental_days_30d": 0.0,
  "rental_days_90d": 0.0,
  "usage_intensity": 0.0,
  "maint_overdue": 0.0,
  "maint_burden": 0.0,
  "log_hours_used_30d": 0.0,
  "log_hours_used_90d": 0.0,
  "log_maint_burden": 0.0
}