{
  "neglect_score": 0.2960230493038516,
  "days_since_last_maintenance": 0.16787236151595353,
  "asset_age_years": 0.09530632187158586,
  "wear_rate": 0.08984705808726035,
  "mechanical_wear_score": 0.08027012227526005,
  "aging_factor": 0.062940066055812,
  "log_maintenance_cost_180d": 0.021876985696348883,
  "abuse_score": 0.021751413605954048,
  "maintenance_cost_180d": 0.019895094546820122,
  "log_mean_time_between_failures": 0.01979752505900592,
  "mean_time_between_failures": 0.018124798314792714,
  "maintenance_events_90d": 0.017446655346266847,
  "utilization_vs_expected": 0.01709414942337619,
  "log_total_hours_lifetime": 0.01533261112432032,
  "avg_rental_duration": 0.015043505928530964,
  "total_hours_lifetime": 0.013990638615184724,
  "cost_per_event": 0.01259810664497262,
  "log_cost_per_event": 0.011727646516179727,
  "category_encoded": 0.0030618900685233626,
  "hours_used_30d": 0.0,
  "hours_used_90d": 0.0,
  "rental_days_30d": 0.0,
  "rental_days_90d": 0.0,
  "vendor_reliability_score": 0.0,
  "jobsite_risk_score": 0.0,
  "usage_intensity": 0.0,
  "usage_trend": 0.0,
  "maint_overdue": 0.0,
  "maint_burden": 0.0,
  "log_hours_used_30d": 0.0,
  "log_hours_used_90d": 0.0,
  "log_maint_burden": 0.0
}