{
  "asset_age_years": 0.3014300345474212,
  "log_maintenance_cost_180d": 0.2735965043442249,
  "maintenance_events_90d": 0.1650178114125247,
  "days_since_last_maintenance": 0.08077307483150062,
  "log_mean_time_between_failures": 0.07947563840983182,
  "category_encoded": 0.061786845891557425,
  "rental_days_90d": 0.01754735013817777,
  "avg_rental_duration": 0.009738818123394312,
  "rental_days_30d": 0.007451064831948257,
  "log_total_hours_lifetime": 0.0017243834187894726,
  "log_hours_used_90d": 0.0014584740506294706,
  "vendor_reliability_score": 0.0,
  "jobsite_risk_score": 0.0,
  "usage_intensity": 0.0,
  "usage_trend": 0.0,
  "utilization_vs_expected": 0.0,
  "wear_rate": 0.0,
  "aging_factor": 0.0,
  "maint_overdue": 0.0,
  "mechanical_wear_score": 0.0,
  "abuse_score": 0.0,
  "neglect_score": 0.0,
  "wear_rate_velocity": 0.0,
  "maint_frequency_trend": 0.0,
  "cost_trend": 0.0,
  "hours_velocity": 0.0,
  "neglect_acceleration": 0.0,
  "sensor_degradation_rate": 0.0,
  "log_hours_used_30d": 0.0,
  "log_cost_per_event": 0.0,
  "log_maint_burden": 0.0
}