{
  "asset_age_years": 0.2115620097788264,
  "log_maintenance_cost_180d": 0.1630213030158126,
  "wear_rate_velocity": 0.14128994940185674,
  "log_total_hours_lifetime": 0.12421054608350106,
  "log_mean_time_between_failures": 0.12379384882006184,
  "vendor_reliability_score": 0.09145925542508108,
  "maint_frequency_trend": 0.08122278182299195,
  "cost_trend": 0.05063116747456489,
  "maintenance_events_90d": 0.006452146191233394,
  "category_encoded": 0.0063569919860700565,
  "rental_days_30d": 0.0,
  "rental_days_90d": 0.0,
  "avg_rental_duration": 0.0,
  "days_since_last_maintenance": 0.0,
  "jobsite_risk_score": 0.0,
  "usage_intensity": 0.0,
  "usage_trend": 0.0,
  "utilization_vs_expected": 0.0,
  "wear_rate": 0.0,
  "aging_factor": 0.0,
  "maint_overdue": 0.0,
  "mechanical_wear_score": 0.0,
  "abuse_score": 0.0,
  "neglect_score": 0.0,
  "hours_velocity": 0.0,
  "neglect_acceleration": 0.0,
  "sensor_degradation_rate": 0.0,
  "log_hours_used_30d": 0.0,
  "log_hours_used_90d": 0.0,
  "log_cost_per_event": 0.0,
  "log_maint_burden": 0.0
}