{
  "asset_age_years": 0.19589328023866084,
  "log_maintenance_cost_180d": 0.1634875175668406,
  "log_total_hours_lifetime": 0.1517047017957826,
  "wear_rate_velocity": 0.13238768760715983,
  "log_mean_time_between_failures": 0.11350865477979231,
  "vendor_reliability_score": 0.09433324277436969,
  "maint_frequency_trend": 0.07749300037368669,
  "cost_trend": 0.05070447738232096,
  "maintenance_events_90d": 0.012393415993361275,
  "category_encoded": 0.008094021488025275,
  "rental_days_30d": 0.0,
  "rental_days_90d": 0.0,
  "avg_rental_duration": 0.0,
  "days_since_last_maintenance": 0.0,
  "jobsite_risk_score": 0.0,
  "usage_intensity": 0.0,
  "usage_trend": 0.0,
  "utilization_vs_expected": 0.0,
  "wear_rate": 0.0,
  "aging_factor": 0.0,
  "maint_overdue": 0.0,
  "mechanical_wear_score": 0.0,
  "abuse_score": 0.0,
  "neglect_score": 0.0,
  "hours_velocity": 0.0,
  "neglect_acceleration": 0.0,
  "sensor_degradation_rate": 0.0,
  "log_hours_used_30d": 0.0,
  "log_hours_used_90d": 0.0,
  "log_cost_per_event": 0.0,
  "log_maint_burden": 0.0
}