{
  "asset_age_years": 0.21676863085936274,
  "wear_rate_velocity": 0.16333422644836362,
  "log_total_hours_lifetime": 0.16224282396629305,
  "log_maintenance_cost_180d": 0.1544472537242774,
  "maint_frequency_trend": 0.10257644185047056,
  "log_mean_time_between_failures": 0.08275178009759239,
  "vendor_reliability_score": 0.05331622764962082,
  "cost_trend": 0.05086400235093652,
  "maintenance_events_90d": 0.010254535391325561,
  "category_encoded": 0.0029948159606503753,
  "rental_days_90d": 0.0001474203356814742,
  "log_hours_used_90d": 0.00013182232225688359,
  "avg_rental_duration": 0.00010493792162228283,
  "hours_velocity": 6.508112154647325e-05,
  "rental_days_30d": 0.0,
  "days_since_last_maintenance": 0.0,
  "jobsite_risk_score": 0.0,
  "usage_intensity": 0.0,
  "usage_trend": 0.0,
  "utilization_vs_expected": 0.0,
  "wear_rate": 0.0,
  "aging_factor": 0.0,
  "maint_overdue": 0.0,
  "mechanical_wear_score": 0.0,
  "abuse_score": 0.0,
  "neglect_score": 0.0,
  "neglect_acceleration": 0.0,
  "sensor_degradation_rate": 0.0,
  "log_hours_used_30d": 0.0,
  "log_cost_per_event": 0.0,
  "log_maint_burden": 0.0
}